"id","image_url","user_id","created_date"
1,"http://elijah.biz",1,"2023-07-19 19:44:59.610989"
2,"https://shanon.org",1,"2023-07-19 19:44:59.610989"
3,"http://vicky.biz",1,"2023-07-19 19:44:59.610989"
4,"http://oleta.net",1,"2023-07-19 19:44:59.610989"
5,"https://jennings.biz",1,"2023-07-19 19:44:59.610989"
6,"https://quinn.biz",2,"2023-07-19 19:44:59.610989"
7,"https://selina.name",2,"2023-07-19 19:44:59.610989"
8,"http://malvina.org",2,"2023-07-19 19:44:59.610989"
9,"https://branson.biz",2,"2023-07-19 19:44:59.610989"
10,"https://elenor.name",3,"2023-07-19 19:44:59.610989"
11,"https://marcelino.com",3,"2023-07-19 19:44:59.610989"
12,"http://felicity.name",3,"2023-07-19 19:44:59.610989"
13,"https://fred.com",3,"2023-07-19 19:44:59.610989"
14,"https://gerhard.biz",4,"2023-07-19 19:44:59.610989"
15,"https://sherwood.net",4,"2023-07-19 19:44:59.610989"
16,"https://maudie.org",4,"2023-07-19 19:44:59.610989"
17,"http://annamae.name",6,"2023-07-19 19:44:59.610989"
18,"https://mac.org",6,"2023-07-19 19:44:59.610989"
19,"http://miracle.info",6,"2023-07-19 19:44:59.610989"
20,"http://emmet.com",6,"2023-07-19 19:44:59.610989"
21,"https://lisa.com",6,"2023-07-19 19:44:59.610989"
22,"https://brooklyn.name",8,"2023-07-19 19:44:59.610989"
23,"http://madison.net",8,"2023-07-19 19:44:59.610989"
24,"http://annie.name",8,"2023-07-19 19:44:59.610989"
25,"http://darron.info",8,"2023-07-19 19:44:59.610989"
26,"http://saige.com",9,"2023-07-19 19:44:59.610989"
27,"https://reece.net",9,"2023-07-19 19:44:59.610989"
28,"http://vance.org",9,"2023-07-19 19:44:59.610989"
29,"http://ignacio.net",9,"2023-07-19 19:44:59.610989"
30,"http://kenny.com",10,"2023-07-19 19:44:59.610989"
31,"http://remington.name",10,"2023-07-19 19:44:59.610989"
32,"http://kurtis.info",10,"2023-07-19 19:44:59.610989"
33,"https://alisha.com",11,"2023-07-19 19:44:59.610989"
34,"https://henderson.com",11,"2023-07-19 19:44:59.610989"
35,"http://bonnie.info",11,"2023-07-19 19:44:59.610989"
36,"http://kennith.net",11,"2023-07-19 19:44:59.610989"
37,"http://camille.name",11,"2023-07-19 19:44:59.610989"
38,"http://alena.net",12,"2023-07-19 19:44:59.610989"
39,"http://ralph.name",12,"2023-07-19 19:44:59.610989"
40,"https://tyshawn.com",12,"2023-07-19 19:44:59.610989"
41,"https://adella.net",12,"2023-07-19 19:44:59.610989"
42,"https://cielo.info",13,"2023-07-19 19:44:59.610989"
43,"https://easter.net",13,"2023-07-19 19:44:59.610989"
44,"http://golden.org",13,"2023-07-19 19:44:59.610989"
45,"http://kendall.biz",13,"2023-07-19 19:44:59.610989"
46,"https://glenda.info",13,"2023-07-19 19:44:59.610989"
47,"http://dominic.biz",15,"2023-07-19 19:44:59.610989"
48,"http://tressie.info",15,"2023-07-19 19:44:59.610989"
49,"http://estevan.org",15,"2023-07-19 19:44:59.610989"
50,"http://zena.com",15,"2023-07-19 19:44:59.610989"
51,"https://abagail.com",16,"2023-07-19 19:44:59.610989"
52,"https://hershel.com",16,"2023-07-19 19:44:59.610989"
53,"http://collin.com",16,"2023-07-19 19:44:59.610989"
54,"https://clair.com",16,"2023-07-19 19:44:59.610989"
55,"https://deondre.com",17,"2023-07-19 19:44:59.610989"
56,"http://tristin.name",17,"2023-07-19 19:44:59.610989"
57,"http://kirk.org",17,"2023-07-19 19:44:59.610989"
58,"https://modesta.info",18,"2023-07-19 19:44:59.610989"
59,"http://rylan.biz",19,"2023-07-19 19:44:59.610989"
60,"https://noemie.com",19,"2023-07-19 19:44:59.610989"
61,"https://dejon.name",20,"2023-07-19 19:44:59.610989"
62,"https://rigoberto.net",22,"2023-07-19 19:44:59.610989"
63,"http://megane.biz",23,"2023-07-19 19:44:59.610989"
64,"http://emmalee.org",23,"2023-07-19 19:44:59.610989"
65,"http://nathan.net",23,"2023-07-19 19:44:59.610989"
66,"http://lionel.net",23,"2023-07-19 19:44:59.610989"
67,"http://danyka.net",23,"2023-07-19 19:44:59.610989"
68,"https://woodrow.com",23,"2023-07-19 19:44:59.610989"
69,"http://harvey.info",23,"2023-07-19 19:44:59.610989"
70,"http://aiden.org",23,"2023-07-19 19:44:59.610989"
71,"https://tito.name",23,"2023-07-19 19:44:59.610989"
72,"https://julian.net",23,"2023-07-19 19:44:59.610989"
73,"https://mafalda.org",23,"2023-07-19 19:44:59.610989"
74,"http://verner.org",23,"2023-07-19 19:44:59.610989"
75,"https://elmore.org",26,"2023-07-19 19:44:59.610989"
76,"http://kasandra.com",26,"2023-07-19 19:44:59.610989"
77,"https://jarret.info",26,"2023-07-19 19:44:59.610989"
78,"http://einar.net",26,"2023-07-19 19:44:59.610989"
79,"http://terry.info",26,"2023-07-19 19:44:59.610989"
80,"https://holden.com",27,"2023-07-19 19:44:59.610989"
81,"https://jacinto.org",28,"2023-07-19 19:44:59.610989"
82,"https://geoffrey.info",28,"2023-07-19 19:44:59.610989"
83,"http://paxton.com",28,"2023-07-19 19:44:59.610989"
84,"https://trinity.biz",28,"2023-07-19 19:44:59.610989"
85,"http://fabiola.org",29,"2023-07-19 19:44:59.610989"
86,"https://bryce.org",29,"2023-07-19 19:44:59.610989"
87,"http://emery.net",29,"2023-07-19 19:44:59.610989"
88,"https://marian.biz",29,"2023-07-19 19:44:59.610989"
89,"https://kennedi.org",29,"2023-07-19 19:44:59.610989"
90,"https://fanny.net",29,"2023-07-19 19:44:59.610989"
91,"http://lottie.net",29,"2023-07-19 19:44:59.610989"
92,"http://lacy.biz",29,"2023-07-19 19:44:59.610989"
93,"https://jensen.name",30,"2023-07-19 19:44:59.610989"
94,"http://virginia.org",30,"2023-07-19 19:44:59.610989"
95,"https://ariel.net",31,"2023-07-19 19:44:59.610989"
96,"http://roger.info",32,"2023-07-19 19:44:59.610989"
97,"https://carolanne.com",32,"2023-07-19 19:44:59.610989"
98,"https://margarita.info",32,"2023-07-19 19:44:59.610989"
99,"https://kayden.biz",32,"2023-07-19 19:44:59.610989"
100,"https://brook.com",33,"2023-07-19 19:44:59.610989"
101,"https://gust.net",33,"2023-07-19 19:44:59.610989"
102,"http://bridie.name",33,"2023-07-19 19:44:59.610989"
103,"http://barton.name",33,"2023-07-19 19:44:59.610989"
104,"https://karina.biz",33,"2023-07-19 19:44:59.610989"
105,"https://mariam.com",35,"2023-07-19 19:44:59.610989"
106,"https://trycia.com",35,"2023-07-19 19:44:59.610989"
107,"https://everette.biz",37,"2023-07-19 19:44:59.610989"
108,"http://boris.biz",38,"2023-07-19 19:44:59.610989"
109,"http://arthur.name",38,"2023-07-19 19:44:59.610989"
110,"https://cesar.com",39,"2023-07-19 19:44:59.610989"
111,"http://charlie.com",40,"2023-07-19 19:44:59.610989"
112,"https://lina.biz",42,"2023-07-19 19:44:59.610989"
113,"https://darwin.net",42,"2023-07-19 19:44:59.610989"
114,"https://aliyah.biz",42,"2023-07-19 19:44:59.610989"
115,"http://euna.info",43,"2023-07-19 19:44:59.610989"
116,"https://maymie.net",43,"2023-07-19 19:44:59.610989"
117,"http://joanie.name",43,"2023-07-19 19:44:59.610989"
118,"http://whitney.net",43,"2023-07-19 19:44:59.610989"
119,"http://garrison.name",43,"2023-07-19 19:44:59.610989"
120,"https://olga.org",44,"2023-07-19 19:44:59.610989"
121,"https://donavon.org",44,"2023-07-19 19:44:59.610989"
122,"http://moses.biz",44,"2023-07-19 19:44:59.610989"
123,"http://shannon.org",44,"2023-07-19 19:44:59.610989"
124,"http://kendrick.net",46,"2023-07-19 19:44:59.610989"
125,"https://carey.com",46,"2023-07-19 19:44:59.610989"
126,"http://lia.biz",46,"2023-07-19 19:44:59.610989"
127,"https://celestine.name",46,"2023-07-19 19:44:59.610989"
128,"http://laila.info",47,"2023-07-19 19:44:59.610989"
129,"http://buddy.com",47,"2023-07-19 19:44:59.610989"
130,"http://americo.biz",47,"2023-07-19 19:44:59.610989"
131,"http://lurline.info",47,"2023-07-19 19:44:59.610989"
132,"http://kailee.org",47,"2023-07-19 19:44:59.610989"
133,"https://edyth.com",48,"2023-07-19 19:44:59.610989"
134,"https://isaias.biz",50,"2023-07-19 19:44:59.610989"
135,"http://rosetta.net",50,"2023-07-19 19:44:59.610989"
136,"https://marianna.info",50,"2023-07-19 19:44:59.610989"
137,"https://roel.org",51,"2023-07-19 19:44:59.610989"
138,"http://julia.info",51,"2023-07-19 19:44:59.610989"
139,"https://seamus.org",51,"2023-07-19 19:44:59.610989"
140,"https://earline.info",51,"2023-07-19 19:44:59.610989"
141,"http://quinten.info",51,"2023-07-19 19:44:59.610989"
142,"https://dolores.org",52,"2023-07-19 19:44:59.610989"
143,"https://aimee.info",52,"2023-07-19 19:44:59.610989"
144,"https://roderick.name",52,"2023-07-19 19:44:59.610989"
145,"https://jarret.name",52,"2023-07-19 19:44:59.610989"
146,"https://cathrine.com",52,"2023-07-19 19:44:59.610989"
147,"https://adela.com",55,"2023-07-19 19:44:59.610989"
148,"https://demarco.com",56,"2023-07-19 19:44:59.610989"
149,"https://lila.biz",58,"2023-07-19 19:44:59.610989"
150,"http://ruben.net",58,"2023-07-19 19:44:59.610989"
151,"https://alia.name",58,"2023-07-19 19:44:59.610989"
152,"http://rickey.name",58,"2023-07-19 19:44:59.610989"
153,"http://janie.com",58,"2023-07-19 19:44:59.610989"
154,"http://myron.org",58,"2023-07-19 19:44:59.610989"
155,"http://pearl.info",58,"2023-07-19 19:44:59.610989"
156,"http://victoria.biz",58,"2023-07-19 19:44:59.610989"
157,"https://carmella.com",59,"2023-07-19 19:44:59.610989"
158,"http://leo.com",59,"2023-07-19 19:44:59.610989"
159,"http://jedediah.net",59,"2023-07-19 19:44:59.610989"
160,"http://sedrick.net",59,"2023-07-19 19:44:59.610989"
161,"https://clare.org",59,"2023-07-19 19:44:59.610989"
162,"https://malcolm.name",59,"2023-07-19 19:44:59.610989"
163,"https://lesly.com",59,"2023-07-19 19:44:59.610989"
164,"https://roberta.net",59,"2023-07-19 19:44:59.610989"
165,"https://estell.info",59,"2023-07-19 19:44:59.610989"
166,"http://kaleigh.biz",59,"2023-07-19 19:44:59.610989"
167,"http://blanca.org",60,"2023-07-19 19:44:59.610989"
168,"http://delpha.com",60,"2023-07-19 19:44:59.610989"
169,"http://annabelle.org",61,"2023-07-19 19:44:59.610989"
170,"http://ephraim.com",62,"2023-07-19 19:44:59.610989"
171,"https://dameon.name",62,"2023-07-19 19:44:59.610989"
172,"https://julianne.org",63,"2023-07-19 19:44:59.610989"
173,"https://jasmin.biz",63,"2023-07-19 19:44:59.610989"
174,"https://delbert.net",63,"2023-07-19 19:44:59.610989"
175,"https://norval.com",63,"2023-07-19 19:44:59.610989"
176,"https://jessy.name",64,"2023-07-19 19:44:59.610989"
177,"https://nolan.name",64,"2023-07-19 19:44:59.610989"
178,"http://devon.info",64,"2023-07-19 19:44:59.610989"
179,"http://ora.net",64,"2023-07-19 19:44:59.610989"
180,"https://vivien.com",64,"2023-07-19 19:44:59.610989"
181,"https://hilda.info",65,"2023-07-19 19:44:59.610989"
182,"https://dorcas.biz",65,"2023-07-19 19:44:59.610989"
183,"http://hettie.net",65,"2023-07-19 19:44:59.610989"
184,"http://rico.biz",65,"2023-07-19 19:44:59.610989"
185,"http://jody.biz",65,"2023-07-19 19:44:59.610989"
186,"http://sheila.com",67,"2023-07-19 19:44:59.610989"
187,"http://germaine.name",67,"2023-07-19 19:44:59.610989"
188,"https://mariane.org",67,"2023-07-19 19:44:59.610989"
189,"http://reva.com",69,"2023-07-19 19:44:59.610989"
190,"https://llewellyn.info",70,"2023-07-19 19:44:59.610989"
191,"http://ellen.info",72,"2023-07-19 19:44:59.610989"
192,"https://anahi.info",72,"2023-07-19 19:44:59.610989"
193,"https://javonte.org",72,"2023-07-19 19:44:59.610989"
194,"http://florine.org",72,"2023-07-19 19:44:59.610989"
195,"http://marcellus.info",72,"2023-07-19 19:44:59.610989"
196,"http://stan.biz",73,"2023-07-19 19:44:59.610989"
197,"http://jarred.net",77,"2023-07-19 19:44:59.610989"
198,"http://jovanny.net",77,"2023-07-19 19:44:59.610989"
199,"http://linnie.com",77,"2023-07-19 19:44:59.610989"
200,"http://dino.name",77,"2023-07-19 19:44:59.610989"
201,"https://jane.net",77,"2023-07-19 19:44:59.610989"
202,"http://laney.name",77,"2023-07-19 19:44:59.610989"
203,"http://trever.org",78,"2023-07-19 19:44:59.610989"
204,"http://emilie.net",78,"2023-07-19 19:44:59.610989"
205,"http://ted.info",78,"2023-07-19 19:44:59.610989"
206,"http://keshawn.org",78,"2023-07-19 19:44:59.610989"
207,"http://ole.info",78,"2023-07-19 19:44:59.610989"
208,"https://ford.biz",79,"2023-07-19 19:44:59.610989"
209,"https://humberto.org",82,"2023-07-19 19:44:59.610989"
210,"http://penelope.info",82,"2023-07-19 19:44:59.610989"
211,"https://dimitri.info",84,"2023-07-19 19:44:59.610989"
212,"http://cynthia.info",84,"2023-07-19 19:44:59.610989"
213,"http://princess.org",85,"2023-07-19 19:44:59.610989"
214,"https://ruthie.info",85,"2023-07-19 19:44:59.610989"
215,"https://evan.name",86,"2023-07-19 19:44:59.610989"
216,"http://deontae.org",86,"2023-07-19 19:44:59.610989"
217,"https://timmy.info",86,"2023-07-19 19:44:59.610989"
218,"http://susie.info",86,"2023-07-19 19:44:59.610989"
219,"http://hollis.com",86,"2023-07-19 19:44:59.610989"
220,"https://colt.org",86,"2023-07-19 19:44:59.610989"
221,"http://lucio.org",86,"2023-07-19 19:44:59.610989"
222,"http://germaine.org",86,"2023-07-19 19:44:59.610989"
223,"http://howard.net",86,"2023-07-19 19:44:59.610989"
224,"http://helena.name",87,"2023-07-19 19:44:59.610989"
225,"https://celestino.name",87,"2023-07-19 19:44:59.610989"
226,"http://violet.info",87,"2023-07-19 19:44:59.610989"
227,"http://nigel.biz",87,"2023-07-19 19:44:59.610989"
228,"https://noble.net",88,"2023-07-19 19:44:59.610989"
229,"https://emilia.org",88,"2023-07-19 19:44:59.610989"
230,"http://destini.net",88,"2023-07-19 19:44:59.610989"
231,"https://mariano.net",88,"2023-07-19 19:44:59.610989"
232,"https://brittany.org",88,"2023-07-19 19:44:59.610989"
233,"https://madaline.name",88,"2023-07-19 19:44:59.610989"
234,"https://devonte.name",88,"2023-07-19 19:44:59.610989"
235,"https://blanche.net",88,"2023-07-19 19:44:59.610989"
236,"http://cali.net",88,"2023-07-19 19:44:59.610989"
237,"http://mekhi.name",88,"2023-07-19 19:44:59.610989"
238,"http://adela.com",88,"2023-07-19 19:44:59.610989"
239,"https://devan.com",92,"2023-07-19 19:44:59.610989"
240,"https://jarrett.name",92,"2023-07-19 19:44:59.610989"
241,"https://sid.biz",92,"2023-07-19 19:44:59.610989"
242,"https://jadyn.name",93,"2023-07-19 19:44:59.610989"
243,"https://erik.com",93,"2023-07-19 19:44:59.610989"
244,"http://freeda.biz",94,"2023-07-19 19:44:59.610989"
245,"http://ayden.name",95,"2023-07-19 19:44:59.610989"
246,"https://kathleen.biz",95,"2023-07-19 19:44:59.610989"
247,"https://helmer.org",96,"2023-07-19 19:44:59.610989"
248,"https://maggie.info",96,"2023-07-19 19:44:59.610989"
249,"https://cecilia.net",96,"2023-07-19 19:44:59.610989"
250,"http://ayla.org",97,"2023-07-19 19:44:59.610989"
251,"https://elyssa.biz",97,"2023-07-19 19:44:59.610989"
252,"http://jennie.com",98,"2023-07-19 19:44:59.610989"
253,"http://ryleigh.info",99,"2023-07-19 19:44:59.610989"
254,"https://darien.name",99,"2023-07-19 19:44:59.610989"
255,"https://xzavier.org",99,"2023-07-19 19:44:59.610989"
256,"https://kaela.name",100,"2023-07-19 19:44:59.610989"
257,"http://dedrick.info",100,"2023-07-19 19:44:59.610989"
